[
        {
            "fleet" : "Flying Squadron",
            "number" : 3,
            "level" : 1,
            "m_speed" : 1
        },
        {
            "fleet" : "The Spanish Armada",
            "number" : 4,
            "level" : 2,
            "m_speed" : 1
        },
        {
            "fleet" : "A destroyer flotilla",
            "number" : 5,
            "level" : 3,
            "m_speed" : 2
        },
        {
            "fleet" : "The empire star destroyer",
            "number" : 6,
            "level" : 4,
            "m_speed" : 3
        }
]
